status,media_url
satisfied,www.example.com/media_url1.mp3
disatisfied,www.example.com/media_url2.mp3
satisfied,www.example.com/media_url3.mp3
disatisfied,www.example.com/media_url4.mp3
satisfied,www.example.com/media_url5.mp3
satisfied,www.example.com/media_url6.mp3
satisfied,www.example.com/media_url7.mp3
disatisfied,www.example.com/media_url8.mp3
satisfied,www.example.com/media_url9.mp3
disatisfied,www.example.com/media_url10.mp3
satisfied,www.example.com/media_url11.mp3
satisfied,www.example.com/media_url12.mp3
satisfied,www.example.com/media_url13.mp3
disatisfied,www.example.com/media_url14.mp3
satisfied,www.example.com/media_url15.mp3
disatisfied,www.example.com/media_url16.mp3
satisfied,www.example.com/media_url17.mp3
satisfied,www.example.com/media_url18.mp3
satisfied,www.example.com/media_url19.mp3
disatisfied,www.example.com/media_url20.mp3
satisfied,www.example.com/media_url21.mp3
disatisfied,www.example.com/media_url22.mp3
satisfied,www.example.com/media_url23.mp3
disatisfied,www.example.com/media_url24.mp3